Identifiant;Capicité;Consommation
1;241999040;74547197
2;382635838;73895648
3;291629372;95347813
4;130918331;55844708
5;131833110;48070032
6;161908098;51324141
7;219778584;47498437
8;152279330;55550136
9;132508986;72603602
10;200301465;73544429
11;148178856;72898367
12;122352561;50288450
13;182709668;74491563
14;122456466;50359214
15;85799285;47331720
16;3292711010;51692954
